{
   "valid": true,
   "rotation": [
      -0.17167262688469076,
      0.8643338551248013,
      -0.4588830046388477,
      -0.11349838817019342
   ],
   "translation": [
      [
         3.4851039681642852
      ],
      [
         -4.22949905855317
      ],
      [
         11.144592696524665
      ]
   ]
}