{
   "frame0": {
      "Yellow": [
         [
            1545.6000000000001,
            556.8000000000001
         ],
         [
            1.0,
            6.0,
            1.09
         ]
      ],
      "White": [
         [
            1785.6000000000001,
            409.6
         ],
         [
            1.0,
            2.0,
            1.09
         ]
      ],
      "Red": [
         [
            825.6,
            1001.6
         ],
         [
            1.0,
            10.0,
            1.09
         ]
      ],
      "Orange": [
         [
            1004.8000000000001,
            560.0
         ],
         [
            3.0,
            7.0,
            1.09
         ]
      ],
      "Brown": [
         [
            1785.6000000000001,
            1235.2
         ],
         [
            -1.0,
            10.0,
            1.09
         ]
      ],
      "Green": [
         [
            1344.0,
            524.8000000000001
         ],
         [
            2.0,
            6.0,
            1.09
         ]
      ],
      "Blue": [
         [
            560.0,
            710.4000000000001
         ],
         [
            4.0,
            9.0,
            1.09
         ]
      ]
   },
   "frame1": {
      "Yellow": [
         [
            1548.8000000000002,
            547.2
         ],
         [
            1.0,
            6.0,
            1.09
         ]
      ],
      "White": [
         [
            1785.6000000000001,
            409.6
         ],
         [
            1.0,
            2.0,
            1.09
         ]
      ],
      "Red": [
         [
            819.2,
            988.8000000000001
         ],
         [
            1.0,
            10.0,
            1.09
         ]
      ],
      "Orange": [
         [
            1004.8000000000001,
            553.6
         ],
         [
            3.0,
            7.0,
            1.09
         ]
      ],
      "Brown": [
         [
            1779.2,
            1232.0
         ],
         [
            -1.0,
            10.0,
            1.09
         ]
      ],
      "Green": [
         [
            1344.0,
            528.0
         ],
         [
            2.0,
            6.0,
            1.09
         ]
      ],
      "Blue": [
         [
            560.0,
            707.2
         ],
         [
            4.0,
            9.0,
            1.09
         ]
      ]
   }
}