{
   "error": 2.2432549416838143,
   "matrix": [
      [
         1569.3523204922246,
         0.0,
         1566.8534445492764
      ],
      [
         0.0,
         1572.785474237414,
         1087.6500248205027
      ],
      [
         0.0,
         0.0,
         1.0
      ]
   ],
   "distortion": [
      [
         0.11038550395818177,
         -0.08507095261389097,
         0.010629277510726625,
         -0.0024721171307557966,
         0.007883857477030472
      ]
   ],
   "rotation": [
      [
         [
            0.3750291690667983
         ],
         [
            -0.5308247458857749
         ],
         [
            2.7943341580323224
         ]
      ],
      [
         [
            -0.06488765887864778
         ],
         [
            -0.2232557554171051
         ],
         [
            3.004161183870507
         ]
      ],
      [
         [
            -0.0852514113538483
         ],
         [
            0.48978069260220775
         ],
         [
            0.17852388864548463
         ]
      ],
      [
         [
            0.7591222131676526
         ],
         [
            -0.04956203089311084
         ],
         [
            2.8646269818793164
         ]
      ],
      [
         [
            0.723158965824461
         ],
         [
            -0.0885559967864205
         ],
         [
            2.6092398491753417
         ]
      ],
      [
         [
            0.06110421037048822
         ],
         [
            -0.43292264554568244
         ],
         [
            0.09152792917181196
         ]
      ],
      [
         [
            0.14031993148627972
         ],
         [
            -0.628946839782258
         ],
         [
            -0.08686478572976353
         ]
      ],
      [
         [
            -0.6853219729361041
         ],
         [
            -0.2028915652983925
         ],
         [
            2.9582198127432555
         ]
      ],
      [
         [
            -0.2424685815693699
         ],
         [
            -0.4347682515594501
         ],
         [
            3.0072648955417014
         ]
      ],
      [
         [
            0.24197727889694765
         ],
         [
            -0.33926417731598285
         ],
         [
            3.101526526337336
         ]
      ],
      [
         [
            -0.13947997287070937
         ],
         [
            0.23002198193671738
         ],
         [
            0.07058225452485394
         ]
      ],
      [
         [
            0.05004040946588468
         ],
         [
            0.07365477890292932
         ],
         [
            3.10481575793216
         ]
      ],
      [
         [
            0.10300454100704028
         ],
         [
            -0.4852640957157621
         ],
         [
            -0.04362132805831684
         ]
      ],
      [
         [
            -0.5120292288766133
         ],
         [
            -0.14095679399788058
         ],
         [
            3.032174250158123
         ]
      ],
      [
         [
            0.29120290659529113
         ],
         [
            0.1516987716706094
         ],
         [
            0.002590097283060338
         ]
      ],
      [
         [
            -0.05969194556275345
         ],
         [
            0.3906544883282636
         ],
         [
            0.18959518981208645
         ]
      ],
      [
         [
            0.3889337145449539
         ],
         [
            0.09773921889806882
         ],
         [
            0.11959019020503799
         ]
      ],
      [
         [
            -0.08899477339887257
         ],
         [
            -0.6361718004206458
         ],
         [
            3.02007739406516
         ]
      ],
      [
         [
            -0.21898490554482533
         ],
         [
            -0.5404851227752085
         ],
         [
            2.9429352693976827
         ]
      ],
      [
         [
            -0.046978357818732254
         ],
         [
            -0.3814484969980789
         ],
         [
            2.9109268432083155
         ]
      ],
      [
         [
            -0.05214655424443258
         ],
         [
            -0.469181008308321
         ],
         [
            3.032950788806301
         ]
      ],
      [
         [
            0.05837836564568218
         ],
         [
            -0.5338806874681926
         ],
         [
            2.949529051213454
         ]
      ],
      [
         [
            -0.08941585260436233
         ],
         [
            -0.41142045713206776
         ],
         [
            2.8479515765345167
         ]
      ],
      [
         [
            0.16176524213110183
         ],
         [
            0.3724365995483209
         ],
         [
            -0.11718052248689333
         ]
      ]
   ],