{
   "valid": true,
   "rotation": [
      0.7440248548293262,
      -0.416114079181106,
      0.2797686921170149,
      0.44159434712708356
   ],
   "translation": [
      [
         5.522069722182076
      ],
      [
         2.946695473194781
      ],
      [
         0.7434145195393038
      ]
   ]
}