{
   "frame0": {
      "Yellow": [
         [
            1849.6000000000001,
            1059.2
         ],
         [
            1.0,
            6.0,
            1.09
         ]
      ],
      "Red": [
         [
            819.2,
            736.0
         ],
         [
            1.0,
            10.0,
            1.09
         ]
      ],
      "Orange": [
         [
            1836.8000000000002,
            752.0
         ],
         [
            3.0,
            7.0,
            1.09
         ]
      ],
      "Brown": [
         [
            96.0,
            918.4000000000001
         ],
         [
            -1.0,
            10.0,
            1.09
         ]
      ],
      "Green": [
         [
            2019.2,
            918.4000000000001
         ],
         [
            2.0,
            6.0,
            1.09
         ]
      ],
      "Blue": [
         [
            1401.6000000000001,
            672.0
         ],
         [
            4.0,
            9.0,
            1.09
         ]
      ]
   },
   "frame1": {
      "Yellow": [
         [
            1849.6000000000001,
            1062.4
         ],
         [
            1.0,
            6.0,
            1.09
         ]
      ],
      "Red": [
         [
            816.0,
            739.2
         ],
         [
            1.0,
            10.0,
            1.09
         ]
      ],
      "Orange": [
         [
            1836.8000000000002,
            755.2
         ],
         [
            3.0,
            7.0,
            1.09
         ]
      ],
      "Brown": [
         [
            105.60000000000001,
            915.2
         ],
         [
            -1.0,
            10.0,
            1.09
         ]
      ],
      "Green": [
         [
            2019.2,
            908.8000000000001
         ],
         [
            2.0,
            6.0,
            1.09
         ]
      ],
      "Blue": [
         [
            1398.4,
            672.0
         ],
         [
            4.0,
            9.0,
            1.09
         ]
      ]
   }
}