{
   "valid": true,
   "rotation": [
      0.8324956489887516,
      0.3564706279970295,
      -0.14588164135864062,
      0.39824393592961277
   ],
   "translation": [
      [
         -2.6021372500266278
      ],
      [
         -0.27848592609272654
      ],
      [
         4.602538924135037
      ]
   ]
}