{
   "frame0": {
      "yellow": [
         [
            2064.0,
            412.8
         ],
         [
            1.0,
            6.0,
            1.09
         ]
      ],
      "white": [
         [
            1308.8000000000002,
            636.8000000000001
         ],
         [
            1.0,
            2.0,
            1.09
         ]
      ],
      "red": [
         [
            2422.4,
            320.0
         ],
         [
            1.0,
            10.0,
            1.09
         ]
      ],
      "orange": [
         [
            2662.4,
            486.40000000000003
         ],
         [
            3.0,
            7.0,
            1.09
         ]
      ],
      "brown": [
         [
            2118.4,
            268.8
         ],
         [
            -1.0,
            10.0,
            1.09
         ]
      ],
      "Green": [
         [
            2297.6,
            470.40000000000003
         ],
         [
            2.0,
            6.0,
            1.09
         ]
      ],
      "Blue": [
         [
            2777.6000000000004,
            419.20000000000005
         ],
         [
            4.0,
            9.0,
            1.09
         ]
      ]
   },
   "frame1": {
      "yellow": [
         [
            2070.4,
            422.40000000000003
         ],
         [
            1.0,
            6.0,
            1.09
         ]
      ],
      "white": [
         [
            1318.4,
            656.0
         ],
         [
            1.0,
            2.0,
            1.09
         ]
      ],
      "red": [
         [
            2432.0,
            329.6
         ],
         [
            1.0,
            10.0,
            1.09
         ]
      ],
      "orange": [
         [
            2662.4,
            499.20000000000005
         ],
         [
            3.0,
            7.0,
            1.09
         ]
      ],
      "brown": [
         [
            2121.6,
            278.40000000000003
         ],
         [
            -1.0,
            10.0,
            1.09
         ]
      ],
      "Green": [
         [
            2307.2000000000003,
            483.20000000000005
         ],
         [
            2.0,
            6.0,
            1.09
         ]
      ],
      "Blue": [
         [
            2780.8,
            416.0
         ],
         [
            4.0,
            9.0,
            1.09
         ]
      ]
   }
}