{
   "valid": true,
   "rotation": [
      0.4048378883828979,
      0.7743821885549255,
      -0.4325552753429048,
      0.22211358344681245
   ],
   "translation": [
      [
         -6.229223724102919
      ],
      [
         -3.7205579395837547
      ],
      [
         10.693054363242528
      ]
   ]
}