{
   "frame0": {
      "Yellow": [
         [
            1129.6000000000001,
            496.0
         ],
         [
            1.0,
            6.0,
            1.09
         ]
      ],
      "White": [
         [
            752.0,
            406.40000000000003
         ],
         [
            1.0,
            2.0,
            1.09
         ]
      ],
      "Red": [
         [
            1987.2,
            716.8000000000001
         ],
         [
            1.0,
            10.0,
            1.09
         ]
      ],
      "Orange": [
         [
            732.8000000000001,
            713.6
         ],
         [
            3.0,
            7.0,
            1.09
         ]
      ],
      "Brown": [
         [
            2300.8,
            518.4
         ],
         [
            -1.0,
            10.0,
            1.09
         ]
      ],
      "Green": [
         [
            896.0,
            569.6
         ],
         [
            2.0,
            6.0,
            1.09
         ]
      ],
      "Blue": [
         [
            1084.8,
            918.4000000000001
         ],
         [
            4.0,
            9.0,
            1.09
         ]
      ]
   },
   "frame1": {
      "Yellow": [
         [
            1132.8,
            499.20000000000005
         ],
         [
            1.0,
            6.0,
            1.09
         ]
      ],
      "White": [
         [
            745.6,
            409.6
         ],
         [
            1.0,
            2.0,
            1.09
         ]
      ],
      "Red": [
         [
            1987.2,
            710.4000000000001
         ],
         [
            1.0,
            10.0,
            1.09
         ]
      ],
      "Orange": [
         [
            732.8000000000001,
            707.2
         ],
         [
            3.0,
            7.0,
            1.09
         ]
      ],
      "Brown": [
         [
            2294.4,
            505.6
         ],
         [
            -1.0,
            10.0,
            1.09
         ]
      ],
      "Green": [
         [
            892.8000000000001,
            569.6
         ],
         [
            2.0,
            6.0,
            1.09
         ]
      ],
      "Blue": [
         [
            1088.0,
            902.4000000000001
         ],
         [
            4.0,
            9.0,
            1.09
         ]
      ]
   }
}