{
   "error": 0.8247758131828087,
   "matrix": [
      [
         1454.0915787907484,
         0.0,
         1543.3493189690926
      ],
      [
         0.0,
         1461.6593449037357,
         1066.7344683395063
      ],
      [
         0.0,
         0.0,
         1.0
      ]
   ],
   "distortion": [
      [
         0.08231704800984496,
         -0.07544972132697463,
         0.001295018715325072,
         0.001296308162735221,
         0.01062559642037698
      ]
   ],
   "rotation": [
      [
         [
            0.10699404589984171
         ],
         [
            0.33989720188300176
         ],
         [
            0.20334223864992923
         ]
      ],
      [
         [
            0.1605295018912149
         ],
         [
            -0.07750416128090118
         ],
         [
            0.022191472779087
         ]
      ],
      [
         [
            0.1827866723215148
         ],
         [
            -0.08546314881513621
         ],
         [
            -0.011876092622054465
         ]
      ],
      [
         [
            0.07981164453861614
         ],
         [
            -0.546279769874003
         ],
         [
            0.04062762727152264
         ]
      ],
      [
         [
            0.1771036479863883
         ],
         [
            -0.7646257011181352
         ],
         [
            0.09942869129924818
         ]
      ],
      [
         [
            0.20027236125776995
         ],
         [
            -0.810108035073463
         ],
         [
            0.09205154650579501
         ]
      ],
      [
         [
            0.11676991132898457
         ],
         [
            -0.11130017933106838
         ],
         [
            2.9626018771653677
         ]
      ],
      [
         [
            0.13215634505618987
         ],
         [
            -0.2411589828842489
         ],
         [
            3.000198322834449
         ]
      ],
      [
         [
            0.14407020690439798
         ],
         [
            0.04368994826823283
         ],
         [
            0.06433217455367855
         ]
      ],
      [
         [
            0.10779035243028189
         ],
         [
            -0.934225887823309
         ],
         [
            2.97027373576402
         ]
      ],
      [
         [
            0.4139649630953041
         ],
         [
            0.019552499426512868
         ],
         [
            0.0722282088490396
         ]
      ],
      [
         [
            -0.1492742278551544
         ],
         [
            -0.0009622321902238483
         ],
         [
            0.172171816958489
         ]
      ],
      [
         [
            -0.13279158219465204
         ],
         [
            0.008911419047678297
         ],
         [
            0.10174825571905242
         ]
      ],
      [
         [
            0.1594545397443034
         ],
         [
            0.03845201016814967
         ],
         [
            0.12473157696422323
         ]
      ],
      [
         [
            0.44787816407068404
         ],
         [
            -0.2025456399646853
         ],
         [
            2.9434757091022945
         ]
      ],
      [
         [
            0.20921085763728883
         ],
         [
            -0.5289923011541231
         ],
         [
            2.859915253166728
         ]
      ],
      [
         [
            0.09208060707216557
         ],
         [
            -0.5012397915148339
         ],
         [
            2.903466100967738
         ]
      ],
      [
         [
            -0.047923887774543886
         ],
         [
            -0.4778613592280753
         ],
         [
            3.0109525495111273
         ]
      ],
      [
         [
            0.26320089370469524
         ],
         [
            0.01726169058359304
         ],
         [
            0.08712451096224944
         ]
      ],
      [
         [
            0.31743787896750636
         ],
         [
            0.028607449222975805
         ],
         [
            0.08205093029219904
         ]
      ],
      [
         [
            0.2449601673721789
         ],
         [
            0.2679578436911102
         ],
         [
            0.05479564437162844
         ]
      ],
      [
         [
            0.24981907098370423
         ],
         [
            0.24459991532277658
         ],
         [
            0.143937348738571
         ]
      ],
      [
         [
            0.24429604134071167
         ],
         [
            -0.03095088191264246
         ],
         [
            0.06299540952391162
         ]
      ],
      [
         [
            -0.3865709564430242
         ],
         [
            0.15425485492543983
         ],
         [
            -3.0698323921758166
         ]
      ]
   ],