{
   "error": 1.058164441893917,
   "matrix": [
      [
         1465.0881515647004,
         0.0,
         1523.0945368176192
      ],
      [
         0.0,
         1473.6600960910978,
         1037.2157171636682
      ],
      [
         0.0,
         0.0,
         1.0
      ]
   ],
   "distortion": [
      [
         0.06971365846920027,
         -0.07091300469466873,
         -0.0012407662427213393,
         0.0033373360429923217,
         0.013732573578697902
      ]
   ],
   "rotation": [
      [
         [
            -0.10231315379272714
         ],
         [
            -0.22787314891152596
         ],
         [
            3.1174441917664133
         ]
      ],
      [
         [
            0.11533617902677314
         ],
         [
            -0.09759773479003982
         ],
         [
            0.016818463879474985
         ]
      ],
      [
         [
            0.1842976951277889
         ],
         [
            -0.04666193551091169
         ],
         [
            -0.0030838733003398615
         ]
      ],
      [
         [
            0.17912031879892343
         ],
         [
            -0.05386323782810849
         ],
         [
            0.0168845084454255
         ]
      ],
      [
         [
            0.7150255598416996
         ],
         [
            -0.4329802648902913
         ],
         [
            2.952749144071481
         ]
      ],
      [
         [
            0.8143179595947163
         ],
         [
            -0.31048497426742483
         ],
         [
            2.9187908214588503
         ]
      ],
      [
         [
            0.7176510239736401
         ],
         [
            -0.4582993080399513
         ],
         [
            2.85669437982792
         ]
      ],
      [
         [
            0.22768513452526662
         ],
         [
            -0.30480545441718354
         ],
         [
            2.967751627350058
         ]
      ],
      [
         [
            0.07170410488746526
         ],
         [
            -0.8321098457051986
         ],
         [
            0.06080723635732882
         ]
      ],
      [
         [
            -0.05662101833043521
         ],
         [
            -0.8343935100978975
         ],
         [
            -0.0022750546424451248
         ]
      ],
      [
         [
            0.5046466952847034
         ],
         [
            0.0509050769711944
         ],
         [
            0.05941384711296949
         ]
      ],
      [
         [
            0.48504349511085904
         ],
         [
            -0.0538149592561006
         ],
         [
            0.007460683083427404
         ]
      ],
      [
         [
            -0.14075695024989168
         ],
         [
            0.6388877763145688
         ],
         [
            3.011902542076784
         ]
      ],
      [
         [
            -0.10903353845780567
         ],
         [
            1.048766467947569
         ],
         [
            2.830510525166864
         ]
      ],
      [
         [
            -0.21267650595133789
         ],
         [
            -0.007230247669383539
         ],
         [
            2.985312585480228
         ]
      ],
      [
         [
            -0.15001027600324351
         ],
         [
            -0.05426271515790735
         ],
         [
            3.0082153466242585
         ]
      ],
      [
         [
            -0.01899110141633087
         ],
         [
            -0.589853732095365
         ],
         [
            2.893294081039065
         ]
      ],
      [
         [
            -0.1500530799768476
         ],
         [
            -0.5363050441490117
         ],
         [
            2.9587217149967215
         ]
      ],
      [
         [
            0.22681568058696494
         ],
         [
            -0.1683047879276812
         ],
         [
            -0.04902845383717571
         ]
      ],
      [
         [
            0.1580159288500786
         ],
         [
            -0.0606126506325687
         ],
         [
            0.0064976842328877535
         ]
      ],
      [
         [
            -0.17552113481020043
         ],
         [
            -0.2959540610278164
         ],
         [
            3.04634325826592
         ]
      ],
      [
         [
            0.016914135281536877
         ],
         [
            -0.18206417676759323
         ],
         [
            3.1083528970944703
         ]
      ],
      [
         [
            -0.027241781700802103
         ],
         [
            -0.5555251661633573
         ],
         [
            2.9996999730240517
         ]
      ],
      [
         [
            0.37339574380914414
         ],
         [
            0.10055237299008034
         ],
         [
            -0.010726493128790985
         ]
      ]
   ],