{
    "cam1": {
        "av_positions": [
            4548.504646813635,
            -619.3122477167856,
            2850.919979573791
        ],
        "std_positions": [
            6.946426589163538,
            3.0191971346134334,
            4.062618317462783
        ],
        "av_angles": [
            -135.6484684002768,
            0.0,
            45.37296687328801
        ],
        "std_angles": [
            0.04971199591438558,
            0.0,
            0.08682136708011856
        ]
    },
    "cam2": {
        "av_positions": [
            -1465.8793919690374,
            -913.4887189947922,
            2630.475263316172
        ],
        "std_positions": [
            4.3147169301292045,
            17.816836253769146,
            5.110518458047968
        ],
        "av_angles": [
            -121.45061819749637,
            0.0,
            -20.31089042715741
        ],
        "std_angles": [
            0.10363034367787652,
            0.0,
            0.1573015808344087
        ]
    },
    "cam3": {
        "av_positions": [
            -754.378738278855,
            4573.21799245025,
            2804.0000148389713
        ],
        "std_positions": [
            1.377967054839111,
            0.8766306575882313,
            0.45145217856909214
        ],
        "av_angles": [
            -131.9756769721698,
            0.0,
            -53.60814693462238
        ],
        "std_angles": [
            0.017479540676704448,
            0.0,
            0.021747448352644597
        ]
    },
    "cam4": {
        "av_positions": [
            -1452.9831447088286,
            12967.159031135512,
            2699.7831661727523
        ],
        "std_positions": [
            2.797621193789501,
            7.832616266330685,
            3.3973506298400236
        ],
        "av_angles": [
            -122.3152243636373,
            0.0,
            -159.67306096568626
        ],
        "std_angles": [
            0.012420299306463838,
            0.0,
            0.01927778666859211
        ]
    },
    "cam5": {
        "av_positions": [
            4370.54252665207,
            12469.751248129074,
            2634.878799598769
        ],
        "std_positions": [
            0.938658184471566,
            1.798301067063114,
            1.4814566776920575
        ],
        "av_angles": [
            -133.76722126056558,
            0.0,
            136.9138873570072
        ],
        "std_angles": [
            0.006876236423060825,
            0.0,
            0.018743306489122803
        ]
    },
    "cam6": {
        "av_positions": [
            5299.964536685339,
            4530.531001490164,
            2599.716337016026
        ],
        "std_positions": [
            9.686672435500325,
            2.0796226397065136,
            3.206452028387928
        ],
        "av_angles": [
            -132.80634730678966,
            0.0,
            44.08756633929919
        ],
        "std_angles": [
            0.02397888001417145,
            0.0,
            0.09198732043689646
        ]
    }
}