{
    "cam1": {
        "av_positions": [
            4548.504646813635,
            -619.3122477167856,
            2850.919979573791
        ],
        "std_positions": [
            6.946426589163538,
            3.0191971346134334,
            4.062618317462783
        ],
        "av_angles": [
            -135.6484684002768,
            0.0,
            45.37296687328801
        ],
        "std_angles": [
            0.04971199591438558,
            0.0,
            0.08682136708011856
        ],
        "extrinsic_matrix": [
            [
                0.38690433450377915,
                0.43761082097875964,
                0.8116659384737235
            ],
            [
                0.7244701174501196,
                -0.6888131273426639,
                0.02603458055028553
            ],
            [
                0.5704794819682911,
                0.5779552057089845,
                -0.5835404153774608
            ]
        ]
    },
    "cam2": {
        "av_positions": [
            -1465.8793919690374,
            -913.4887189947922,
            2630.475263316172
        ],
        "std_positions": [
            4.3147169301292045,
            17.816836253769146,
            5.110518458047968
        ],
        "av_angles": [
            -121.45061819749637,
            0.0,
            -20.31089042715741
        ],
        "std_angles": [
            0.10363034367787652,
            0.0,
            0.1573015808344087
        ],
        "extrinsic_matrix": [
            [
                0.9314489632003251,
                -0.3626797670504009,
                -0.029313870579295343
            ],
            [
                -0.20430188247481182,
                -0.45461732604847926,
                -0.8669378574138242
            ],
            [
                0.3010962202872,
                0.8134987563824492,
                -0.49754742283388137
            ]
        ]
    },
    "cam3": {
        "av_positions": [
            -754.378738278855,
            4573.21799245025,
            2804.0000148389713
        ],
        "std_positions": [
            1.377967054839111,
            0.8766306575882313,
            0.45145217856909214
        ],
        "av_angles": [
            -131.9756769721698,
            0.0,
            -53.60814693462238
        ],
        "std_angles": [
            0.017479540676704448,
            0.0,
            0.021747448352644597
        ],
        "extrinsic_matrix": [
            [
                0.5941631914425614,
                -0.8043419154455276,
                0.002002330636813604
            ],
            [
                -0.3777003294158606,
                -0.28120139568453695,
                -0.8821950838970929
            ],
            [
                0.7101496230609112,
                0.5234116164548082,
                -0.4708796809870677
            ]
        ]
    },
    "cam4": {
        "av_positions": [
            -1452.9831447088286,
            12967.159031135512,
            2699.7831661727523
        ],
        "std_positions": [
            2.797621193789501,
            7.832616266330685,
            3.3973506298400236
        ],
        "av_angles": [
            -122.3152243636373,
            0.0,
            -159.67306096568626
        ],
        "std_angles": [
            0.012420299306463838,
            0.0,
            0.01927778666859211
        ],
        "extrinsic_matrix": [
            [
                -0.46742865430844543,
                -0.20610627091120182,
                -0.8596688771552945
            ],
            [
                -0.36199171403195557,
                0.9318023936234182,
                -0.0265742387761145
            ],
            [
                0.806518637273616,
                0.2987714889119279,
                -0.5101599253022964
            ]
        ]
    },
    "cam5": {
        "av_positions": [
            4370.54252665207,
            12469.751248129074,
            2634.878799598769
        ],
        "std_positions": [
            0.938658184471566,
            1.798301067063114,
            1.4814566776920575
        ],
        "av_angles": [
            -133.76722126056558,
            0.0,
            136.9138873570072
        ],
        "std_angles": [
            0.006876236423060825,
            0.0,
            0.018743306489122803
        ],
        "extrinsic_matrix": [
            [
                -0.6913868886807697,
                0.7185747139761907,
                0.07506311210578284
            ],
            [
                0.45682090222919014,
                0.3543010065007882,
                0.8159567661265321
            ],
            [
                0.5597309773712483,
                0.5984322245337015,
                -0.5732190076254267
            ]
        ]
    },
    "cam6": {
        "av_positions": [
            5299.964536685339,
            4530.531001490164,
            2599.716337016026
        ],
        "std_positions": [
            9.686672435500325,
            2.0796226397065136,
            3.206452028387928
        ],
        "av_angles": [
            -132.80634730678966,
            0.0,
            44.08756633929919
        ],
        "std_angles": [
            0.02397888001417145,
            0.0,
            0.09198732043689646
        ],
        "extrinsic_matrix": [
            [
                0.3467516019366624,
                0.43607240345303255,
                0.8304239230931476
            ],
            [
                0.722584680882442,
                -0.6886794590578891,
                0.05991791356292668
            ],
            [
                0.5980247657848381,
                0.5792751290975454,
                -0.5538996374856692
            ]
        ]
    }
}