{
   "valid": true,
   "rotation": [
      0.8293536230588687,
      0.35168037843962624,
      -0.16631939978494772,
      0.40103782439423824
   ],
   "translation": [
      [
         -6.567029410731389
      ],
      [
         2.140915922897745
      ],
      [
         2.226677115888771
      ]
   ]
}