{
   "frame0": {
      "Yellow": [
         [
            908.8000000000001,
            793.6
         ],
         [
            1.0,
            6.0,
            1.09
         ]
      ],
      "Red": [
         [
            1916.8000000000002,
            534.4
         ],
         [
            1.0,
            10.0,
            1.09
         ]
      ],
      "Orange": [
         [
            1878.4,
            1011.2
         ],
         [
            3.0,
            7.0,
            1.09
         ]
      ],
      "Brown": [
         [
            1574.4,
            441.6
         ],
         [
            -1.0,
            10.0,
            1.09
         ]
      ],
      "Green": [
         [
            1132.8,
            969.6
         ],
         [
            2.0,
            6.0,
            1.09
         ]
      ],
      "Blue": [
         [
            2323.2000000000003,
            748.8000000000001
         ],
         [
            4.0,
            9.0,
            1.09
         ]
      ]
   },
   "frame1": {
      "Yellow": [
         [
            902.4000000000001,
            796.8000000000001
         ],
         [
            1.0,
            6.0,
            1.09
         ]
      ],
      "Red": [
         [
            1923.2,
            528.0
         ],
         [
            1.0,
            10.0,
            1.09
         ]
      ],
      "Orange": [
         [
            1881.6000000000001,
            1017.6
         ],
         [
            3.0,
            7.0,
            1.09
         ]
      ],
      "Brown": [
         [
            1571.2,
            441.6
         ],
         [
            -1.0,
            10.0,
            1.09
         ]
      ],
      "Green": [
         [
            1136.0,
            960.0
         ],
         [
            2.0,
            6.0,
            1.09
         ]
      ],
      "Blue": [
         [
            2329.6,
            748.8000000000001
         ],
         [
            4.0,
            9.0,
            1.09
         ]
      ]
   }
}