{
   "error": 1.37191951330625,
   "matrix": [
      [
         1466.6273730935322,
         0.0,
         1586.1144480903629
      ],
      [
         0.0,
         1471.0419717647376,
         1069.3193301198232
      ],
      [
         0.0,
         0.0,
         1.0
      ]
   ],
   "distortion": [
      [
         0.1098268200927179,
         -0.13040451211204196,
         0.003256062841416371,
         -0.00048755937256629806,
         0.03912041756556066
      ]
   ],
   "rotation": [
      [
         [
            0.03286307970845748
         ],
         [
            -0.5238749609181481
         ],
         [
            -0.045625971090937335
         ]
      ],
      [
         [
            0.04199126448866195
         ],
         [
            -0.499537891489943
         ],
         [
            -0.02448242068632349
         ]
      ],
      [
         [
            0.2602766743083316
         ],
         [
            -0.35512354073249536
         ],
         [
            3.030815300865758
         ]
      ],
      [
         [
            0.9574015463269298
         ],
         [
            -0.37335646976914316
         ],
         [
            2.8481734160686534
         ]
      ],
      [
         [
            0.9542121121953274
         ],
         [
            -0.2660076982355908
         ],
         [
            2.800495834398339
         ]
      ],
      [
         [
            0.9689068865283088
         ],
         [
            -0.39283588153856625
         ],
         [
            2.789397725714625
         ]
      ],
      [
         [
            0.5759560480685137
         ],
         [
            -0.20722731734784974
         ],
         [
            2.9933789199493765
         ]
      ],
      [
         [
            0.1396267030958136
         ],
         [
            -1.0810858015418958
         ],
         [
            2.9444807204787824
         ]
      ],
      [
         [
            0.20757843331073544
         ],
         [
            -0.8493403232728056
         ],
         [
            2.9966785129658153
         ]
      ],
      [
         [
            0.06651820158781534
         ],
         [
            0.16614553749500796
         ],
         [
            3.0331155851369007
         ]
      ],
      [
         [
            0.16857043812848566
         ],
         [
            0.7524568791968587
         ],
         [
            2.943045543755029
         ]
      ],
      [
         [
            0.1727634801436782
         ],
         [
            0.6685098173627019
         ],
         [
            2.925335474656103
         ]
      ],
      [
         [
            -0.0365514509883861
         ],
         [
            -0.03809087690144354
         ],
         [
            3.0345066758479184
         ]
      ],
      [
         [
            -0.03338787178509831
         ],
         [
            -0.09094885616727567
         ],
         [
            3.0294564673089033
         ]
      ],
      [
         [
            -0.16922309393589763
         ],
         [
            0.19477183902026654
         ],
         [
            2.9988044424756066
         ]
      ],
      [
         [
            -0.06034506920972845
         ],
         [
            0.3540365286898008
         ],
         [
            2.9352423718085925
         ]
      ],
      [
         [
            0.0030456454036728842
         ],
         [
            0.2651085083459211
         ],
         [
            3.011123006024563
         ]
      ],
      [
         [
            0.014165811431621772
         ],
         [
            -0.2449293578826269
         ],
         [
            3.0023870778251798
         ]
      ],
      [
         [
            0.1334750322114038
         ],
         [
            0.09861481150330004
         ],
         [
            3.1350426601628736
         ]
      ],
      [
         [
            0.24678502943573763
         ],
         [
            -0.1340630097534069
         ],
         [
            3.1256630446504587
         ]
      ],
      [
         [
            0.0033241369182244246
         ],
         [
            0.203289875621271
         ],
         [
            0.010035915927446189
         ]
      ],
      [
         [
            0.38188139625869577
         ],
         [
            -0.12463876524317168
         ],
         [
            3.0143535574314426
         ]
      ],
      [
         [
            0.1819601987259377
         ],
         [
            -0.23751058720691806
         ],
         [
            2.9856712445711757
         ]
      ],
      [
         [
            0.17363691133803502
         ],
         [
            -0.09256683948572886
         ],
         [
            3.0307376200304676
         ]
      ]
   ],