{
   "error": 2.3435250314364735,
   "matrix": [
      [
         1465.61969500325,
         0.0,
         1513.8963814819087
      ],
      [
         0.0,
         1470.0286397930706,
         1122.353757652143
      ],
      [
         0.0,
         0.0,
         1.0
      ]
   ],
   "distortion": [
      [
         0.058449054956264165,
         -0.06440882599190619,
         0.003502475703171213,
         -0.0013008287326700045,
         0.01312736243561398
      ]
   ],
   "rotation": [
      [
         [
            0.10488771595818885
         ],
         [
            -0.0016931645258936063
         ],
         [
            -1.569677452295963
         ]
      ],
      [
         [
            0.08613508959419683
         ],
         [
            0.04874455935606884
         ],
         [
            -1.5097957781680091
         ]
      ],
      [
         [
            -0.004448961975722841
         ],
         [
            0.17836498866333542
         ],
         [
            -1.4650827283756205
         ]
      ],
      [
         [
            -0.033797602158702186
         ],
         [
            0.14222060566349617
         ],
         [
            -1.4834854216619362
         ]
      ],
      [
         [
            -0.010517693567364072
         ],
         [
            0.19513275536250127
         ],
         [
            -1.5142686304631288
         ]
      ],
      [
         [
            0.07285791302361762
         ],
         [
            -0.14199409480751443
         ],
         [
            1.5177502714908961
         ]
      ],
      [
         [
            0.22404409149935148
         ],
         [
            -0.06046306281623634
         ],
         [
            -1.6271469414003743
         ]
      ],
      [
         [
            0.29152498939032134
         ],
         [
            -0.16409251406621192
         ],
         [
            -1.6357772825975165
         ]
      ],
      [
         [
            0.30748018760749785
         ],
         [
            -0.1405648171379859
         ],
         [
            -1.6556976130009478
         ]
      ],
      [
         [
            -0.03432824017344578
         ],
         [
            -0.2945190027136314
         ],
         [
            1.4653414023061746
         ]
      ],
      [
         [
            0.020346578204853184
         ],
         [
            -0.21720004449706073
         ],
         [
            1.470207867429306
         ]
      ],
      [
         [
            0.11851507130580625
         ],
         [
            -0.0485081461904109
         ],
         [
            1.5180224893410759
         ]
      ],
      [
         [
            0.37981841232834496
         ],
         [
            0.30261216045617123
         ],
         [
            1.589229251192473
         ]
      ],
      [
         [
            0.38414992625643235
         ],
         [
            0.308709072372633
         ],
         [
            1.6270736078683894
         ]
      ],
      [
         [
            0.3807650149596424
         ],
         [
            0.32435069551761225
         ],
         [
            1.6532847146327019
         ]
      ],
      [
         [
            0.4264022510824289
         ],
         [
            0.2944151448642087
         ],
         [
            1.6321580076419604
         ]
      ],
      [
         [
            0.3857438321620576
         ],
         [
            0.2055006998205083
         ],
         [
            1.590293810915139
         ]
      ],
      [
         [
            -0.013021365116231753
         ],
         [
            0.021247725364218085
         ],
         [
            -1.5043024391202904
         ]
      ],
      [
         [
            0.5646479041617423
         ],
         [
            -0.30286832861260465
         ],
         [
            1.5193341033954852
         ]
      ],
      [
         [
            0.09705732379230612
         ],
         [
            0.1711560204288696
         ],
         [
            -1.4356110424052835
         ]
      ],
      [
         [
            -0.15645467749101985
         ],
         [
            -0.2875530080928345
         ],
         [
            -1.3456433079532184
         ]
      ],
      [
         [
            -0.05807566671526837
         ],
         [
            -0.3008489472946972
         ],
         [
            -1.474246651129494
         ]
      ],
      [
         [
            0.12824513705022014
         ],
         [
            0.0727256576242981
         ],
         [
            -1.487437795099635
         ]
      ],
      [
         [
            0.12514938356582378
         ],
         [
            0.08956635806689413
         ],
         [
            -1.4841849160149956
         ]
      ]
   ],