{
   "valid": true,
   "rotation": [
      0.852646812619359,
      -0.22165890052938372,
      0.12465720495332597,
      0.45642231102278163
   ],
   "translation": [
      [
         1.782081152169514
      ],
      [
         1.1797722538628972
      ],
      [
         4.867808869389074
      ]
   ]
}