{
   "frame0": {
      "yellow": [
         [
            1484.8000000000002,
            553.6
         ],
         [
            1.0,
            6.0,
            1.09
         ]
      ],
      "white": [
         [
            2000.0,
            848.0
         ],
         [
            1.0,
            2.0,
            1.09
         ]
      ],
      "red": [
         [
            1299.2,
            457.6
         ],
         [
            1.0,
            10.0,
            1.09
         ]
      ],
      "orange": [
         [
            1756.8000000000002,
            496.0
         ],
         [
            3.0,
            7.0,
            1.09
         ]
      ],
      "brown": [
         [
            998.4000000000001,
            467.20000000000005
         ],
         [
            -1.0,
            10.0,
            1.09
         ]
      ],
      "green": [
         [
            1664.0,
            537.6
         ],
         [
            2.0,
            6.0,
            1.09
         ]
      ],
      "blue": [
         [
            1612.8000000000002,
            448.0
         ],
         [
            4.0,
            9.0,
            1.09
         ]
      ]
   },
   "frame1": {
      "yellow": [
         [
            1484.8000000000002,
            560.0
         ],
         [
            1.0,
            6.0,
            1.09
         ]
      ],
      "white": [
         [
            2006.4,
            870.4000000000001
         ],
         [
            1.0,
            2.0,
            1.09
         ]
      ],
      "red": [
         [
            1296.0,
            457.6
         ],
         [
            1.0,
            10.0,
            1.09
         ]
      ],
      "orange": [
         [
            1753.6000000000001,
            496.0
         ],
         [
            3.0,
            7.0,
            1.09
         ]
      ],
      "brown": [
         [
            992.0,
            473.6
         ],
         [
            -1.0,
            10.0,
            1.09
         ]
      ],
      "green": [
         [
            1667.2,
            540.8000000000001
         ],
         [
            2.0,
            6.0,
            1.09
         ]
      ],
      "blue": [
         [
            1616.0,
            451.20000000000005
         ],
         [
            4.0,
            9.0,
            1.09
         ]
      ]
   }
}