{
   "error": 3.922263287405907,
   "matrix": [
      [
         1475.4539900482343,
         0.0,
         1525.740257799178
      ],
      [
         0.0,
         1474.871631904019,
         1106.7424682099838
      ],
      [
         0.0,
         0.0,
         1.0
      ]
   ],
   "distortion": [
      [
         0.033949494047375475,
         -0.050452458679596635,
         -0.00012161257400641191,
         -0.004271769838316222,
         0.010886669444667001
      ]
   ],
   "rotation": [
      [
         [
            0.04593014673982444
         ],
         [
            -0.060650950142807795
         ],
         [
            -0.0060731635941264775
         ]
      ],
      [
         [
            -0.05341717966480694
         ],
         [
            -0.08556224752580278
         ],
         [
            3.115554715675646
         ]
      ],
      [
         [
            -0.1983818422064048
         ],
         [
            -0.3061304549714254
         ],
         [
            3.092299845874466
         ]
      ],
      [
         [
            -0.1794404178954577
         ],
         [
            -0.32756842821706134
         ],
         [
            3.0885165332842623
         ]
      ],
      [
         [
            0.5098429889474255
         ],
         [
            0.060518099196068396
         ],
         [
            0.004227145314058916
         ]
      ],
      [
         [
            -0.11502109246419397
         ],
         [
            -0.47318090538299257
         ],
         [
            3.0098641298654796
         ]
      ],
      [
         [
            -0.15836085171474343
         ],
         [
            -0.04893588408200402
         ],
         [
            0.0669510550745893
         ]
      ],
      [
         [
            -0.45806439474852706
         ],
         [
            0.06566616714605387
         ],
         [
            2.989446009511569
         ]
      ],
      [
         [
            -0.09195275596701433
         ],
         [
            -0.4862205349524079
         ],
         [
            -0.11668722784622944
         ]
      ],
      [
         [
            0.06517791984392186
         ],
         [
            -0.4858919253729773
         ],
         [
            0.07029177816325748
         ]
      ],
      [
         [
            -0.3626606237224183
         ],
         [
            -0.09560726883252872
         ],
         [
            -3.0646777177827604
         ]
      ],
      [
         [
            0.06093410095886961
         ],
         [
            0.2453519293582785
         ],
         [
            0.16312945568677115
         ]
      ],
      [
         [
            0.11645324334813349
         ],
         [
            0.229700684540066
         ],
         [
            0.10995721212441165
         ]
      ],
      [
         [
            0.1193362748732958
         ],
         [
            0.30708619325524245
         ],
         [
            0.11246843985755879
         ]
      ],
      [
         [
            0.08024463720920622
         ],
         [
            0.2858056115971233
         ],
         [
            0.08968324833043806
         ]
      ],
      [
         [
            0.0564857530867603
         ],
         [
            0.2737809251688218
         ],
         [
            0.0955520649463229
         ]
      ],
      [
         [
            0.0833580666038515
         ],
         [
            0.20527149035048664
         ],
         [
            0.0746197041051649
         ]
      ],
      [
         [
            0.0357545382562339
         ],
         [
            0.18407553094801896
         ],
         [
            0.07580219647172975
         ]
      ],
      [
         [
            0.03763016294161961
         ],
         [
            0.22143290147765224
         ],
         [
            0.05057802668940261
         ]
      ],
      [
         [
            -0.29954418299545643
         ],
         [
            0.0623428605144743
         ],
         [
            -3.1239567175969385
         ]
      ],
      [
         [
            0.17196109898938872
         ],
         [
            0.09327501426825915
         ],
         [
            0.037459532303379214
         ]
      ],
      [
         [
            0.31471834228663115
         ],
         [
            -0.18603849977306308
         ],
         [
            3.114116614506318
         ]
      ],
      [
         [
            0.12411141451741219
         ],
         [
            -0.24228908764022516
         ],
         [
            -0.0869811341243534
         ]
      ],
      [
         [
            0.13910975039555112
         ],
         [
            0.20625042918945832
         ],
         [
            0.049331011835680824
         ]
      ]
   ],